Workbook

Sheet GiaoDich
A1: ma_gd | B1: ma_vp | C1: sl_mua | D1: ten_vp | E1: gia_xu | F1: thanh_tien
A2: GD001 | B2: VP05 | C2: 1 | D2: =VLOOKUP(B2, VatPham!$A:$C, 2, 0) -> Ao Giap Vang | E2: =VLOOKUP(B2, VatPham!$A:$C, 3, 0) -> 250000 | F2: =C2 * E2 -> 250000
A3: GD002 | B3: VP06 | C3: 1 | D3: =VLOOKUP(B3, VatPham!$A:$C, 2, 0) -> Nhan Ma Thuat | E3: =VLOOKUP(B3, VatPham!$A:$C, 3, 0) -> 99000 | F3: =C3 * E3 -> 99000
A4: GD003 | B4: VP04 | C4: 5 | D4: =VLOOKUP(B4, VatPham!$A:$C, 2, 0) -> Giay Toc Do | E4: =VLOOKUP(B4, VatPham!$A:$C, 3, 0) -> 150000 | F4: =C4 * E4 -> 750000
A5: GD004 | B5: VP06 | C5: 5 | D5: =VLOOKUP(B5, VatPham!$A:$C, 2, 0) -> Nhan Ma Thuat | E5: =VLOOKUP(B5, VatPham!$A:$C, 3, 0) -> 99000 | F5: =C5 * E5 -> 495000
A6: GD005 | B6: VP03 | C6: 3 | D6: =VLOOKUP(B6, VatPham!$A:$C, 2, 0) -> Binh May | E6: =VLOOKUP(B6, VatPham!$A:$C, 3, 0) -> 20000 | F6: =C6 * E6 -> 60000
A7: GD006 | B7: VP06 | C7: 4 | D7: =VLOOKUP(B7, VatPham!$A:$C, 2, 0) -> Nhan Ma Thuat | E7: =VLOOKUP(B7, VatPham!$A:$C, 3, 0) -> 99000 | F7: =C7 * E7 -> 396000
A8: GD007 | B8: VP04 | C8: 6 | D8: =VLOOKUP(B8, VatPham!$A:$C, 2, 0) -> Giay Toc Do | E8: =VLOOKUP(B8, VatPham!$A:$C, 3, 0) -> 150000 | F8: =C8 * E8 -> 900000
A9: GD008 | B9: VP02 | C9: 1 | D9: =VLOOKUP(B9, VatPham!$A:$C, 2, 0) -> Khien Bang | E9: =VLOOKUP(B9, VatPham!$A:$C, 3, 0) -> 85000 | F9: =C9 * E9 -> 85000
A10: GD009 | B10: VP03 | C10: 2 | D10: =VLOOKUP(B10, VatPham!$A:$C, 2, 0) -> Binh May | E10: =VLOOKUP(B10, VatPham!$A:$C, 3, 0) -> 20000 | F10: =C10 * E10 -> 40000
A11: GD010 | B11: VP05 | C11: 4 | D11: =VLOOKUP(B11, VatPham!$A:$C, 2, 0) -> Ao Giap Vang | E11: =VLOOKUP(B11, VatPham!$A:$C, 3, 0) -> 250000 | F11: =C11 * E11 -> 1000000
A12: GD011 | B12: VP04 | C12: 5 | D12: =VLOOKUP(B12, VatPham!$A:$C, 2, 0) -> Giay Toc Do | E12: =VLOOKUP(B12, VatPham!$A:$C, 3, 0) -> 150000 | F12: =C12 * E12 -> 750000
A13: GD012 | B13: VP05 | C13: 2 | D13: =VLOOKUP(B13, VatPham!$A:$C, 2, 0) -> Ao Giap Vang | E13: =VLOOKUP(B13, VatPham!$A:$C, 3, 0) -> 250000 | F13: =C13 * E13 -> 500000
... A16: GD015 | B16: VP05 | C16: 5 | D16: =VLOOKUP(B16, VatPham!$A:$C, 2, 0) -> Ao Giap Vang | E16: =VLOOKUP(B16, VatPham!$A:$C, 3, 0) -> 250000 | F16: =C16 * E16 -> 1250000

Sheet VatPham
A1: ma_vp | B1: ten_vp | C1: gia_xu
A2: VP01 | B2: Kiem Rong | C2: 120000
A3: VP02 | B3: Khien Bang | C3: 85000
A4: VP03 | B4: Binh May | C4: 20000
A5: VP04 | B5: Giay Toc Do | C5: 150000
A6: VP05 | B6: Ao Giap Vang | C6: 250000
A7: VP06 | B7: Nhan Ma Thuat | C7: 99000
